"Journal Data Filtered By:  Selected JCR Year: 2017 Selected Categories: 'CELL & TISSUE ENGINEERING','CELL BIOLOGY','CLINICAL NEUROLOGY','ENGINEERING, BIOMEDICAL','MULTIDISCIPLINARY SCIENCES','NEUROIMAGING','NEUROSCIENCES'",,,,,,,,,,,,,
Rank,Full Journal Title,Total Cites,Journal Impact Factor,Eigenfactor Score,Title29, Title20,ISSN,EISSN,Category,Years,WikiLink,Link,Description
79,Acta Biomaterialia,"30,640",6.383,0.049,ACTA BIOMATER,ACTA BIOMATER,1742-7061,1878-7568,Materials Science,2005–present,https://en.wikipedia.org/wiki/Acta_Biomaterialia,https://www.journals.elsevier.com/acta-biomaterialia/,"Acta Biomaterialia is a monthly peer-reviewed scientific journal published by Elsevier. It is published on behalf of Acta Materialia, Inc., and is sponsored by ASM International and The Minerals, Metals & Materials Society. The journal was established in January 2005. The editor-in-chief is W.R. Wagner. Acta Biomaterialia is an international journal that publishes peer-reviewed original research reports, review papers and communications in the broadly defined field of biomaterials science. The emphasis of the journal is on the relationship between biomaterial structure and function at all length scales."
16,Acta Neuropathologica,"18,786",15.876,0.041,ACTA NEUROPATHOL,ACTA NEUROPATHOL,0001-6322,1432-0533,Neuroscience & Behavior,1961–present,https://en.wikipedia.org/wiki/Acta_Neuropathologica,https://www.springer.com/medicine/pathology/journal/401,"Acta Neuropathologica is a monthly peer-reviewed scientific journal covering all aspects of neuropathology published by Springer Science+Business Media. It was established in 1961 and the editor-in-chief is Werner Paulus. Acta Neuropathologica aims to publish the best papers on pathology of neurological disease, as well as experimental studies on molecular and cellular mechanisms using in vitro and in vivo models, ideally validated by analysis of human tissues."
99,Advanced Healthcare Materials,"6,465",5.609,0.02,ADV HEALTHC MATER,ADV HEALTHC MATER,2192-2640,2192-2659,Materials Science,2012–present,null,https://onlinelibrary.wiley.com/journal/21922659,"Advanced Healthcare Materials is an international, interdisciplinary forum for peer-reviewed papers on materials science aimed at promoting human health. Advanced Healthcare Materials was first published as a special focus section in Advanced Materials in 2011 and launched as a journal at the start of 2012. Advanced Healthcare Materials bridges the gap between fundamental laboratory research and clinical practice, covering all aspects of materials science in medicine and biotechnology."
51,Ageing Research Reviews,"5,297",8.973,0.012,AGEING RES REV,AGEING RES REV,1568-1637,1872-9649,Clinical Medicine,2002–present,https://en.wikipedia.org/wiki/Ageing_Research_Reviews,https://www.journals.elsevier.com/ageing-research-reviews/,"Ageing Research Reviews is a scientific journal covering ageing published by Elsevier. The editors in chief are Mark Mattson and Robert Brosh, Jr. Ageing Research Reviews publishes research on human life expectancy, ageing and age-related disease. As the average human life expectancy has increased, so too has the impact of ageing and age-related disease on our society. Ageing research is now the focus of thousands of laboratories that include leaders in the areas of genetics, molecular and cellular biology, biochemistry, and behaviour. Ageing Research Reviews (ARR) covers the trends in this field. It is designed to fill a large void, namely, a source for critical reviews and viewpoints on emerging findings on mechanisms of ageing and age-related disease."
64,Aging Cell,"8,067",7.627,0.019,AGING CELL,AGING CELL,1474-9726,1474-9726,Molecular Biology & Genetics,2002–present,https://en.wikipedia.org/wiki/Aging_Cell,https://onlinelibrary.wiley.com/journal/14749726,"Aging Cell is a peer-reviewed scientific journal and an official journal of the Anatomical Society. It is published on their behalf by John Wiley & Sons. It was established in 2002 and the editors-in-chief are Peter Adams, Adam Antebi, Ana Maria Cuervo, Brian Kennedy, and John Sedivy. The aim of Aging Cell is to publish the highest quality, innovative research addressing fundamental issues in the biology of aging. For publication in Aging Cell, the work must provide a major new contribution to the understanding of aging and be of general interest to the community. Aging Cell seeks to cover all areas of geroscience, highlighting research that uncovers mechanistic aspects of the aging process, as well as the links between aging and age-related disease. Observations of novel aging processes without substantial mechanistic insight will be considered, but should be of especially high impact for the field."
25,Alzheimers & Dementia,"10,436",12.764,0.03,ALZHEIMERS DEMENT,ALZHEIMERS DEMENT,1552-5260,1552-5279,Neuroscience & Behavior,2005–present,null,https://www.alzheimersanddementia.com/,"The mission of Alzheimer's & Dementia: Journal of the Alzheimer's Association is to bridge the knowledge gaps across a wide range of bench-to-bedside investigation. The journal publishes the results of studies in: behavior, biochemistry, genetics, molecular biology, pharmacology, physiology, protein chemistry, neurology, neuropathology, psychiatry, geriatrics, neuropsychology, epidemiology, sociology, health services research, health economics, political science and public policy. Content emphasizes interdisciplinary investigations, integrative/translational articles, related to: etiology, risk factors, early detection, disease modifying interventions, prevention of dementia and applications of new technologies in health services."
39,Annals of Neurology,"37,259",10.25,0.053,ANN NEUROL,ANN NEUROL,0364-5134,1531-8249,Neuroscience & Behavior,1977–present,https://en.wikipedia.org/wiki/Annals_of_Neurology,https://onlinelibrary.wiley.com/journal/15318249,"Annals of Neurology is a peer-reviewed medical journal covering neurology. It is published by John Wiley & Sons and is edited by Clifford B. Saper. Annals of Neurology publishes articles of broad interest with potential for high impact in understanding the mechanisms and treatment of diseases of the human nervous system. All areas of clinical and basic neuroscience, including new technologies, cellular and molecular neurobiology, population sciences, and studies of behavior, addiction, and psychiatric diseases are of interest to the journal."
53,Annual Review of Biomedical Engineering,"4,653",8.788,0.006,ANNU REV BIOMED ENG,ANNU REV BIOMED ENG,1523-9829,null,Molecular Biology & Genetics,1999–present,https://en.wikipedia.org/wiki/Annual_Review_of_Biomedical_Engineering,https://www.annualreviews.org/journal/bioeng,"Annual Review of Biomedical Engineering is an academic journal published by Annual Reviews. In publication since 1999, this journal covers the significant developments in the broad field of biomedical engineering. Topics include biomechanics, biomaterials, computational genomics and proteomics, tissue engineering, biomonitoring, health care engineering, drug delivery bioelectrical engineering, biochemical engineering, and biomedical imaging topics. It is edited by Martin L. Yarmush."
49,Annual Review of Cell and Developmental Biology,"9,812",9.032,0.017,ANNU REV CELL DEV BIOL,ANNU REV CELL DEV BI,1081-0706,null,Molecular Biology & Genetics,1985–present,https://en.wikipedia.org/wiki/Annual_Review_of_Cell_and_Developmental_Biology,https://www.annualreviews.org/journal/cellbio,"The Annual Review of Cell and Developmental Biology is an annual peer-reviewed scientific journal covering developmental and cell biology. It is published by Annual Reviews and the editor-in-chief is Randy Schekman. It was established in 1985 as the Annual Review of Cell Biology and obtained its current title in 1995. The Annual Review of Cell and Developmental Biology, in publication since 1985, covers the most significant developments in the field of cell and developmental biology, including structure, function, and organization of the cell, development and evolution of the cell as it relates to single and multicellular organisms, and models and tools of molecular biology."
20,Annual Review of Neuroscience,"13,320",14.675,0.016,ANNU REV NEUROSCI,ANNU REV NEUROSCI,0147-006X,null,Neuroscience & Behavior,1978–present,null,https://www.annualreviews.org/journal/neuro,"The Annual Review of Neuroscience, in publication since 1978, covers the significant developments across the entire field of neuroscience, including molecular and cellular neuroscience, neurogenetics, development, plasticity and repair, systems neuroscience, cognitive neuroscience, behavior, and neurobiology of disease, with occasional reviews in history of neuroscience and ethics."
34,Autophagy,"14,923",11.1,0.036,AUTOPHAGY,AUTOPHAGY,1554-8627,1554-8635,Molecular Biology & Genetics,2005–present,https://en.wikipedia.org/wiki/Autophagy_(journal),https://www.tandfonline.com/action/journalInformation?show=aimsScope&journalCode=kaup20&,"Autophagy is a monthly peer-reviewed scientific journal covering all aspects of cell autophagy. It is published by Taylor & Francis and the editor-in-chief is Daniel J. Klionsky. Autophagy is a highly selective peer-reviewed journal that publishes papers on all aspects of autophagic processes. The field of autophagy has advanced tremendously, due in large part to the multiple connections between autophagy and various aspects of human health and disease including cancer, neurodegeneration, aging, diabetes, myopathies and heart disease. Our goal is to be the premiere journal in this field, publishing papers that you want read by the people in your research group."
19,Behavioral and Brain Sciences,"8,900",15.071,0.01,BEHAV BRAIN SCI,BEHAV BRAIN SCI,0140-525X,1469-1825,Neuroscience & Behavior,1978–present,https://en.wikipedia.org/wiki/Behavioral_and_Brain_Sciences,https://www.cambridge.org/core/journals/behavioral-and-brain-sciences,"Behavioral and Brain Sciences is a peer-reviewed scientific journal of Open Peer Commentary established in 1978 by Stevan Harnad and published by Cambridge University Press. It is modeled on the journal Current Anthropology. BBS is the internationally renowned journal with the innovative format known as Open Peer Commentary. Particularly significant and controversial pieces of work are published from researchers in any area of psychology, neuroscience, behavioral biology or cognitive science, together with 20-40 commentaries on each article from specialists within and across these disciplines, plus the author's response to them. The result is a fascinating and unique forum for the communication, criticism, stimulation, and particularly the unification of research in behavioral and brain sciences from molecular neurobiology to artificial intelligence and the philosophy of the mind."
72,Biofabrication,"2,758",6.838,0.006,BIOFABRICATION,BIOFABRICATION,1758-5082,1758-5090,Materials Science,2009–present,https://en.wikipedia.org/wiki/Biofabrication,http://iopscience.iop.org/journal/1758-5090,"Biofabrication is a peer-reviewed scientific journal covering research that leads to the fabrication of advanced biological models, medical therapeutic products, and non-medical biological systems. The editor-in-chief is Wei Sun. Biofabrication™ focuses on cutting-edge research regarding the use of cells, proteins, biological materials and biomaterials as building blocks to manufacture biological systems and/or therapeutic products."
28,Biological Psychiatry,"42,495",11.984,0.057,BIOL PSYCHIAT,BIOL PSYCHIAT,0006-3223,1873-2402,Neuroscience & Behavior,1959–present,https://en.wikipedia.org/wiki/Biological_Psychiatry_(journal),https://www.biologicalpsychiatryjournal.com/,"Biological Psychiatry is a biweekly, peer-reviewed, scientific journal of psychiatric neuroscience and therapeutics, published by Elsevier since 1985 on behalf of the Society of Biological Psychiatry, of which it is the official journal. Biological Psychiatry is the official journal of the Society of Biological Psychiatry, whose purpose is to promote excellence in scientific research and education in fields that investigate the nature, causes, mechanisms and treatments of disorders of thought, emotion, or behavior. In accord with this mission, this peer-reviewed, rapid-publication, international journal publishes both basic and clinical contributions from all disciplines and research areas relevant to the pathophysiology and treatment of major psychiatric disorders."
52,Biomaterials,"108,908",8.806,0.115,BIOMATERIALS,BIOMATERIALS,0142-9612,1878-5905,Materials Science,1980–present,https://en.wikipedia.org/wiki/Biomaterials_(journal),https://www.journals.elsevier.com/biomaterials,"Biomaterials is a quarterly peer reviewed scientific journal covering the physical, biological and chemical sciences involved in engineering biomaterials. It is published by Elsevier. The co-editor in chiefs are K.W. Leong and D.F. Williams. Biomaterials is an international journal covering the science and clinical application of biomaterials. It is the aim of the journal to provide a peer-reviewed forum for the publication of original papers and authoritative review and opinion papers dealing with the most important issues facing the use of biomaterials in clinical practice. The scope of the journal covers the wide range of physical, biological and chemical sciences that underpin the design of biomaterials and the clinical disciplines in which they are used."
26,Bone Research,977,12.354,0.002,BONE RES,BONE RES,2095-4700,2095-6231,Biology & Biochemistry,2012–present,https://en.wikipedia.org/wiki/Bone_%26_Joint_Research,https://www.nature.com/boneres/,"Bone Research was founded in 2013. As a new English-language periodical, Bone Research focuses on basic and clinical aspects of bone biology, pathophysiology and regeneration, and supports the foremost discoveries resulting from basic investigations and clinical research related to bone. The aim of the Journal is to foster the worldwide dissemination of research in bone-related physiology, pathology, diseases and treatment."
36,Brain,"52,067",10.848,0.075,BRAIN,BRAIN,0006-8950,1460-2156,Neuroscience & Behavior,1878–present,https://en.wikipedia.org/wiki/Brain_(journal),https://academic.oup.com/brain,"Brain: A Journal of Neurology is a peer-reviewed scientific journal of neurology, founded in 1878 by John Charles Bucknill, David Ferrier, James Crichton-Browne and John Hughlings Jackson. It is currently published by Oxford University Press. "
82,Brain Behavior and Immunity,"12,583",6.306,0.027,BRAIN BEHAV IMMUN,BRAIN BEHAV IMMUN,0889-1591,1090-2139,Neuroscience & Behavior,1987–present,"https://en.wikipedia.org/wiki/Brain,_Behavior,_and_Immunity",https://www.journals.elsevier.com/brain-behavior-and-immunity/,"Brain, Behavior, and Immunity is a peer-reviewed scientific journal published by Elsevier. It was established in 1987 by Robert Ader, and covers research on the relationship between the nervous system, psychology, and the immune system. It is the official journal of the Psychoneuroimmunology Research Society. This innovative journal publishes peer-reviewed basic, experimental, and clinical studies dealing with behavioral, neural, endocrine, and immune system interactions in humans and animals. It is an international, interdisciplinary journal devoted to original research in neuroscience, immunology, integrative physiology, behavioral biology, psychiatry, psychology, and clinical medicine and is inclusive of research at the molecular, cellular, social, and whole organism level."
85,Brain Pathology,"4,952",6.187,0.008,BRAIN PATHOL,BRAIN PATHOL,1015-6305,1750-3639,Neuroscience & Behavior,1990–present,https://en.wikipedia.org/wiki/Brain_Pathology,https://onlinelibrary.wiley.com/journal/17503639,"Brain Pathology is the medical journal of the International Society of Neuropathology, published for them by John Wiley & Sons. Brain Pathology is a peer-reviewed bi-monthly publication that includes original research, review articles and symposia focusing on the pathogenesis of neurological disease.  Brain Pathology is the journal of choice for biomedical scientists investigating diseases of the nervous system."
88,Brain Stimulation,"4,263",6.12,0.015,BRAIN STIMUL,BRAIN STIMUL,1935-861X,1876-4754,Neuroscience & Behavior,2008–present,https://en.wikipedia.org/wiki/Brain_Stimulation_(journal),https://www.journals.elsevier.com/brain-stimulation/,"Brain Stimulation is a bimonthly peer-reviewed medical journal covering the field of neuromodulation. It was established in 2008 and is published by Elsevier. The editor-in-chief is Mark S. George. The scope of Brain Stimulation extends across the entire field of brain stimulation, including noninvasive and invasive techniques and technologies that alter brain function through the use of electrical, magnetic, radiowave, or focally targeted pharmacologic stimulation. This includes investigations that study the effects of brain stimulation on basic processes, such as gene expression and other aspects of molecular biology, neurochemical regulation, functional brain activity, sensorimotor function, and cognitive and affective processes at the systems level."
9,Cancer Cell,"35,217",22.844,0.097,CANCER CELL,CANCER CELL,1535-6108,1878-3686,Molecular Biology & Genetics,2002-present,https://en.wikipedia.org/wiki/Cancer_Cell_(journal),https://www.cell.com/cancer-cell/home,Cancer Cell is a peer-reviewed scientific journal published by Cell Press. It covers all aspects of cancer research at the cellular-level. The journal was established in February 2002 and the editor-in-chief is Li-Kuo Su. Cancer Cell provides a high-profile forum to promote major advances in cancer research and oncology. The primary criterion for considering manuscripts is whether the studies provide major advances into answering important questions relevant to naturally occurring cancers. Cancer Cell particularly welcomes translational research.
6,Cell,"230,625",31.398,0.583,CELL,CELL,0092-8674,1097-4172,Molecular Biology & Genetics,1974-present,https://en.wikipedia.org/wiki/Cell_(journal),https://www.cell.com/cell/home,"Cell is a peer-reviewed scientific journal publishing research papers across a broad range of disciplines within the life sciences. Areas covered include molecular biology, cell biology, systems biology, stem cells, developmental biology, genetics and genomics, proteomics, cancer research, immunology, neuroscience, structural biology, microbiology, virology, physiology, biophysics, and computational biology. The journal was established in 1974 by Benjamin Lewin and is published twice monthly by Cell Press, an imprint of Elsevier. The basic criterion for considering papers is whether the results provide significant conceptual advances into, or raise provocative questions and hypotheses regarding, an interesting and important biological question."
98,Cell Death & Disease,"14,475",5.638,0.046,CELL DEATH DIS,CELL DEATH DIS,2041-4889,2041-4889,Molecular Biology & Genetics,2010-present,null,https://www.nature.com/cddis/,"Brought to you by the editorial team of Cell Death & Differentiation, Cell Death & Disease is a peer-reviewed online journal in the field of translational cell death. It seeks to promote diverse and integrated areas of experimental and internal medicine with its specialties, including cancer, immunity and neuroscience. It is now also accepting articles in a new area: cancer metabolism. Cell Death & Disease seeks to encompass the breadth of translational implications of cell death."
63,Cell Death and Differentiation,"18,865",8,0.032,CELL DEATH DIFFERENTIATION,CELL DEATH DIFFER,1350-9047,1476-5403,Molecular Biology & Genetics,2002-present,https://en.wikipedia.org/wiki/Cell_Death_%26_Differentiation,https://www.nature.com/cdd/,"Cell Death & Differentiation is a peer reviewed academic journal published by Nature Publishing Group. It devotes itself to scientific excellence in the field of cell biology, molecular biology, and biochemistry of cell death and disease. It also, provides a unified forum for scientists and clinical researchers. It is committed to the rapid publication of high quality original papers relating to these subjects, together with topical, usually solicited, reviews, meeting reports, editorial correspondence and occasional commentaries on controversial and scientifically informative issues."
10,Cell Metabolism,"29,834",20.565,0.102,CELL METAB,CELL METAB,1550-4131,1932-7420,Molecular Biology & Genetics,2005-present,https://en.wikipedia.org/wiki/Cell_Metabolism,https://www.cell.com/cell-metabolism/home,"Cell Metabolism, launched in January 2005, is one of the newer titles in the Cell Press family. The journal focuses on physiology, with an emphasis on understanding the molecular basis of how the body self-regulates in the face of change, and how disturbances in these balances can lead to disease. Created in response to what top scientists saw as a growing need for a specialized journal in this field, Cell Metabolism is run by in-house editorial and production teams with full responsibility for selecting and preparing content for publication."
62,Cell Reports,"29,789",8.032,0.211,CELL REPORTS,CELL REP,2211-1247,2211-1247,Molecular Biology & Genetics,2012-present,https://en.wikipedia.org/wiki/Cell_Reports,https://www.cell.com/cell-reports/home,"Cell Reports is a peer-reviewed scientific journal publishing research papers across a broad range of disciplines within the life sciences. The journal was established in 2012 and is the first open access journal published by Cell Press, an imprint of Elsevier. The primary criterion for publication in Cell Reports, as for all Cell Press journals, is new biological insight. Cell Reports publishes thought-provoking, cutting-edge research, with a focus on a shorter, single-point story, called a Report, in addition to a longer Article format."
18,Cell Research,"13,728",15.393,0.037,CELL RES,CELL RES,1001-0602,1748-7838,Molecular Biology & Genetics,1990-present,https://en.wikipedia.org/wiki/Cell_Research,https://www.nature.com/cr/,"Cell Research is a monthly peer-reviewed scientific journal covering cell biology. It is published by the Nature Publishing Group on behalf of the Shanghai Institutes for Biological Sciences and is affiliated with the Chinese Society for Cell Biology. It was established in 1990. The editor-in-chief is Gang Pei. Cell Research (CR) publishes original research results that are of unusual significance or broad conceptual or technical advances in all areas of life sciences, as long as the study is closely related to molecular and cell biology. The journal has an international authorship and a broad scope in basic research."
8,Cell Stem Cell,"23,493",23.29,0.096,CELL STEM CELL,CELL STEM CELL,1934-5909,1875-9777,Molecular Biology & Genetics,2007-present,https://en.wikipedia.org/wiki/Cell_Stem_Cell,https://www.cell.com/cell-stem-cell/home,"Cell Stem Cell is a peer-reviewed scientific journal published by Cell Press, an imprint of Elsevier. The journal was established in 2007 and focuses on stem cell research. Both research articles and reviews are published, at about a 7 to 1 ratio. Cell Stem Cell is a broad-spectrum journal that covers the entire spectrum of stem cell biology. Topics covered include embryonic stem cells, pluripotency, germline stem cells, tissue-specific stem cells, stem cell differentiation, epigenetics, stem cell genomics and systems biology, genome reprogramming, cancer stem cells, stem cell niches, stem-cell-based disease models, nuclear transfer technology, bioengineering, drug discovery, in vivo imaging of stem cells, therapeutic applications, regenerative medicine, clinical and translational insights, stem cell research policies, ethical issues, and technical or resource-based innovations."
50,Cell Systems,"1,129",8.982,0.01,CELL SYST,CELL SYST,2405-4712,2405-4720,Biology & Biochemistry,2015-present,null,https://www.cell.com/cell-systems/home,"Cell Systems is a broad, multidisciplinary monthly journal for outstanding research that provides, supports, or applies systems-level understanding in the life sciences and related disciplines. Quantitative integrative studies that reveal general principles of systems are particularly welcome. The journal’s scope includes systems at all scales-from molecules, pathways, cells, and tissues to whole organisms, populations, and ecosystems-and a diversity of traditional disciplines."
73,Cellular and Molecular Life Sciences,"23,341",6.721,0.041,CELL MOL LIFE SCI,CELL MOL LIFE SCI,1420-682X,1420-9071,Molecular Biology & Genetics,1945-present,https://en.wikipedia.org/wiki/Cellular_and_Molecular_Life_Sciences,https://www.springer.com/life+sciences/cell+biology/journal/18,"Cellular and Molecular Life Sciences is a peer-reviewed scientific journal covering cellular and molecular life sciences. It was established in 1945 as Experientia, obtaining its current name in 1994. The journal is published by and the editor-in-chief is Klaus Eichmann. Based in Basel, Switzerland, the multidisciplinary journal Cellular and Molecular Life Sciences (CMLS) publishes research articles, reviews, multi-author reviews and visions & reflections articles covering the latest aspects of biological and biomedical research. The journal will consider contributions focusing on biochemistry and molecular biology, cell biology, molecular and cellular aspects of biomedicine, neuroscience, pharmacology and immunology."
81,Cerebral Cortex,"29,570",6.308,0.059,CEREB CORTEX,CEREB CORTEX,1047-3211,1460-2199,Neuroscience & Behavior,1991-present,https://en.wikipedia.org/wiki/Cerebral_Cortex_(journal),https://academic.oup.com/cercor,"Cerebral Cortex is a scientific journal in the neuroscience area, focusing on the development, organization, plasticity, and function of the cerebral cortex, including the hippocampus. It is published by Oxford University Press, and had as its founding editor Patricia Goldman-Rakic. Studies with clear relevance to the cerebral cortex, such as the thalamocortical relationship or cortico-subcortical interactions, are also included. The journal is multidisciplinary and covers the large variety of modern neurobiological and neuropsychological techniques."
48,Cold Spring Harbor Perspectives in Biology,"13,275",9.247,0.049,COLD SPRING HARBOR PERSPECT B,CSH PERSPECT BIOL,1943-0264,1943-0264,Molecular Biology & Genetics,2009-present,null,http://cshperspectives.cshlp.org/,"Cold Spring Harbor Perspectives in Biology is a monthly online publication comprising of reviews spanning the complete spectrum of the molecular life sciences. Cold Spring Harbor Perspectives in Biology provides the life sciences community with authoritative analyses of progress in emerging areas of molecular, cell, and developmental biology, genetics, evolutionary biology, neuroscience, cancer biology, and molecular pathology. The executive editor is Richard Sever."
47,Current Biology,"56,595",9.251,0.137,CURR BIOL,CURR BIOL,0960-9822,1879-0445,Biology & Biochemistry,1991-present,https://en.wikipedia.org/wiki/Current_Biology,https://www.cell.com/current-biology/home,"Current Biology is a scientific journal that covers all areas of biology, especially molecular biology, cell biology, genetics, neurobiology, ecology and evolutionary biology. Current Biology was founded in 1991 by the Current Science group, acquired by Elsevier in 1998 and has since 2001 been part of Cell Press, a subdivision of Elsevier. A primary aim of the journal is to foster communication across fields of biology, both by publishing important findings of general interest from diverse fields and through highly accessible editorial articles that explicitly aim to inform non-specialists."
40,Current Opinion in Cell Biology,"13,339",10.015,0.028,CURR OPIN CELL BIOL,CURR OPIN CELL BIOL,0955-0674,1879-0410,Molecular Biology & Genetics,1989-present,https://en.wikipedia.org/wiki/Current_Opinion_in_Cell_Biology,https://www.journals.elsevier.com/current-opinion-in-cell-biology,"Current Opinion in Cell Biology is a bimonthly peer-reviewed scientific journal published by Elsevier covering all aspects of cell biology including genetics, cell communication, and metabolism. It was established in 1998 and is part of the Elsevier Current Opinion series of journals. The editors-in-chief are Tom Mistley (National Institutes of Health), Anne Ridley, and Graham Warren. Current Opinion in Cell Biology aims to stimulate scientifically grounded, interdisciplinary, multi-scale debate and exchange of ideas. It contains polished, concise and timely reviews and opinions, with particular emphasis on those articles published in the past two years."
75,Current Opinion in Neurobiology,"14,190",6.541,0.035,CURR OPIN NEUROBIOL,CURR OPIN NEUROBIOL,0959-4388,1873-6882,Neuroscience & Behavior,1988-present,https://en.wikipedia.org/wiki/Current_Opinion_in_Neurology,https://journals.lww.com/co-neurology/pages/default.aspx,"Current Opinion in Neurology is a bimonthly peer-reviewed medical journal covering neurology. The journal publishes editorials and reviews, but not original research articles. It is published by Lippincott Williams & Wilkins and the editor-in-chief is Richard S.J. Frackowiak. The journal was established in 1988 as Current Opinion in Neurology and Neurosurgery and obtained its current name in 1993. Current Opinion in Neurology is a highly regarded journal offering insightful editorials and on-the-mark invited reviews; covering key subjects such as cerebrovascular disease, developmental disorders, neuroimaging and demyelinating diseases. "
68,Current Opinion in Structural Biology,"10,619",7.179,0.024,CURR OPIN STRUCT BIOL,CURR OPIN STRUC BIOL,0959-440X,1879-033X,Biology & Biochemistry,1991-present,null,https://www.journals.elsevier.com/current-opinion-in-structural-biology,"Current Opinion in Structural Biology aims to stimulate scientifically grounded, interdisciplinary, multi-scale debate and exchange of ideas. It contains polished, concise and timely reviews and opinions, with particular emphasis on those articles published in the past two years. The subject of Structural Biology is divided into twelve themed sections, each of which is reviewed once a year."
78,Cytokine & Growth Factor Reviews,"5,668",6.395,0.008,CYTOKINE GROWTH FACTOR REV,CYTOKINE GROWTH F R,1359-6101,1879-0305,Molecular Biology & Genetics,1996-present,null,https://www.journals.elsevier.com/cytokine-and-growth-factor-reviews,"Cytokine & Growth Factor Reviews publishes thought-provoking articles (critical reviews, state-of-the-art reviews, letters to the editor, meeting reviews) devoted to important advances in the rapidly changing fields of growth factor and cytokine research. Major emphasis is placed on the multidisciplinary significance of cytokines and growth factors in areas as diverse as signal transduction, cell growth and differentiation, embryonic development, immunology, tumorigenesis and clinical medicine."
41,Developmental Cell,"26,896",9.616,0.075,DEV CELL,DEV CELL,1534-5807,1878-1551,Molecular Biology & Genetics,2001-present,https://en.wikipedia.org/wiki/Developmental_Cell,https://www.cell.com/developmental-cell/home,"Developmental Cell is a peer-reviewed scientific journal of cell and developmental biology. The journal was established in 2001, and is edited by Marie Bao. It published by Cell Press, an imprint of Elsevier, and its articles becomes open access after an embargo period of one year. In addition to publishing work spanning all areas of cell biology and developmental biology, we have particular interest in how these fields interface with each other and with other disciplines in biology. The journal aims to showcase work that examines, through a cell biological lens, the fundamentals of how a cell works, how cells interact with one another and with the environment, how cells come together to form a tissue, organ, and ultimately a whole organism, and what happens when any of these processes go awry."
38,EMBO Journal,"67,036",10.557,0.08,EMBO J,EMBO J,0261-4189,1460-2075,Molecular Biology & Genetics,1982-present,https://en.wikipedia.org/wiki/The_EMBO_Journal,http://emboj.embopress.org/,"The EMBO Journal is a peer-reviewed scientific journal focusing on full-length papers describing original research of general interest in molecular biology and related areas. The EMBO Journal has been EMBO's flagship publication for 31 years. With a scope that spans all areas of molecular biology, the journal has an international reputation for quality and originality. A particular emphasis is placed on molecular mechanism and physiological relevance. The journal encourages and publishes articles that report novel findings of wide biological significance."
55,EMBO Reports,"13,293",8.749,0.031,EMBO REP,EMBO REP,1469-221X,1469-3178,Molecular Biology & Genetics,2000-present,https://en.wikipedia.org/wiki/EMBO_Reports,http://embor.embopress.org/,"EMBO Reports is a peer-reviewed scientific journal covering research related to biology at a molecular level. It publishes primary research papers, reviews, and essays and opinion. It also features commentaries on the social impact of advances in the life sciences and the converse influence of society on science. A sister journal to The EMBO Journal, EMBO Reports was established in 2000 and was published on behalf of the European Molecular Biology Organization by Nature Publishing Group since 2003. It is now published by EMBO Press, which also publishes The EMBO Journal and Molecular Systems Biology."
46,Epilepsy Currents,790,9.333,0.002,EPILEPSY CURR,EPILEPSY CURR,1535-7597,1535-7511,Neuroscience & Behavior,2001-present,https://en.wikipedia.org/wiki/Epilepsy_Currents,https://www.aesnet.org/professional_education/epilepsy_currents,"Epilepsy Currents is a bimonthly peer-reviewed open-access medical journal that was established in 2001 by the American Epilepsy Society. It publishes commentary articles, written by a board of contributing editors, and brief topical reviews. Each issue contains commentaries that interpret and critique recently published original research articles and short topical scholarly reviews written by experts."
100,FASEB Journal,"41,572",5.595,0.052,FASEB J,FASEB J,0892-6638,1530-6860,Biology & Biochemistry,1912-present,https://en.wikipedia.org/wiki/The_FASEB_Journal,https://www.fasebj.org/,"The FASEB Journal is a scientific journal related to experimental biosciences, promoting scientific progress and education. It is published by the Federation of American Societies for Experimental Biology, that was founded in 1912 originally by 3 societies. The FASEB Journal publishes international, transdisciplinary research covering all fields of biology at every level of organization: atomic, molecular, cell, tissue, organ, organismic and population. While the journal strives to include research that cuts across the biological sciences, it also considers submissions that lie within one field, but may have implications for other fields as well. The journal seeks to publish basic and translational research, but also welcomes reports of pre-clinical and early clinical research."
70,Frontiers in Neuroendocrinology,"3,924",6.875,0.006,FRONT NEUROENDOCRINOL,FRONT NEUROENDOCRIN,0091-3022,1095-6808,Neuroscience & Behavior,1980-present,https://en.wikipedia.org/wiki/Frontiers_in_Neuroendocrinology,https://www.journals.elsevier.com/frontiers-in-neuroendocrinology/,"Frontiers in Neuroendocrinology is a quarterly peer-reviewed scientific journal covering all aspects of neuroendocrinology. It was established in 1980 and is published by Elsevier. The editor-in-chief is Liisa Galea. Areas of interest include: endocrine interactions that influence neuropsychiatric and neurodegenerative disease; sex differences in clinical populations and in pre-clinical models; stress and stress systems interactions with health and disease; neuroendocrine influences on health across the lifespan from development, puberty, adulthood and aging; microbiota/neuroendocrine interactions with health and disease, and neuroendocrine -immune interactions.
Integrative cellular, molecular and behavioral aspects of hormonally active neuropeptides
Comparative and clinical neuroendocrinology
Neuroendocrine control of energy balance, glucose homeostasis, and metabolism"
43,Genes & Development,"57,469",9.462,0.093,GENE DEVELOP,GENE DEV,0890-9369,1549-5477,Molecular Biology & Genetics,1987-present,https://en.wikipedia.org/wiki/Genes_%26_Development,http://genesdev.cshlp.org/,"Genes & Development is a peer-reviewed scientific journal covering molecular biology, molecular genetics, cell biology, and development. It was established in 1987 and is published twice monthly by Cold Spring Harbor Laboratory Press in association with The Genetics Society."
66,GigaScience,"1,694",7.267,0.011,GIGASCIENCE,GIGASCIENCE,2047-217X,2047-217X,Multidisciplinary,2012-present,https://en.wikipedia.org/wiki/GigaScience,https://academic.oup.com/gigascience,"GigaScience is a peer-reviewed scientific journal that was established in 2012. It covers research and large data-sets that result from work in the biomedical and life sciences. The editor-in-chief is Laurie Goodman. Originally, the journal was co-published by BioMed Central and the Beijing Genomics Institute. GigaScience aims to revolutionize publishing by promoting reproducibility of analyses and data dissemination, organization, understanding, and use. As an open access and open-data journal, we publish ALL research objects (data, software tools and workflows) from 'big data' studies across the entire spectrum of life and biomedical sciences."
95,Glia,"13,417",5.846,0.021,GLIA,GLIA,0894-1491,1098-1136,Neuroscience & Behavior,1988-present,https://en.wikipedia.org/wiki/Glia_(journal),https://onlinelibrary.wiley.com/journal/10981136,"Glia is a Monthly peer reviewed scientific journal covering research on the structure and function of neuroglia. It was established in 1988 and is published by John Wiley & Sons. The founding and current editors-in-chief are Bruce R. Ransom and Helmut Kettenmann. GLIA is a peer-reviewed journal, which publishes articles dealing with all aspects of glial structure and function. This includes all aspects of glial cell biology in health and disease."
87,IEEE Transactions on Medical Imaging,"17,837",6.131,0.024,IEEE TRANS MED IMAGING,IEEE T MED IMAGING,0278-0062,1558-254X,Clinical Medicine,1982-present,null,https://ieee-tmi.org/,"TRANSACTIONS ON MEDICAL IMAGING (T-MI) encourages the submission of manuscripts on imaging of body structure, morphology and function, including cell and molecular imaging and all forms of microscopy. The journal publishes original contributions on medical imaging achieved by modalities including ultrasound, x-rays, magnetic resonance, radionuclides, microwaves, and optical methods. Contributions describing novel acquisition techniques, medical image processing and analysis, visualization and performance, pattern recognition, machine learning, and related methods are encouraged."
32,JAMA Neurology,"6,889",11.46,0.035,JAMA NEUROL,JAMA NEUROL,2168-6149,2168-6157,Neuroscience & Behavior,1960-present,https://en.wikipedia.org/wiki/JAMA_Neurology,https://jamanetwork.com/journals/jamaneurology,JAMA Neurology is a monthly peer-reviewed medical journal published by the American Medical Association. It was established in 1960 as Archives of Neurology and obtained its current name in 2013. The journal publishes research on the nervous system as well as the various mechanisms of neurological disease. The mission of JAMA Neurology is to publish scientific information primarily important for those physicians caring for people with neurologic disorders but also for those interested in the structure and function of the normal and diseased nervous system.
54,Journal of Cell Biology,"68,915",8.784,0.085,J CELL BIOL,J CELL BIOL,0021-9525,1540-8140,Molecular Biology & Genetics,1955-present,https://en.wikipedia.org/wiki/Journal_of_Cell_Biology,http://jcb.rupress.org/,"Journal of Cell Biology is an international, peer-reviewed journal owned by The Rockefeller University and published by Rockefeller University Press. It is a broad journal that publishes original findings on all aspects of cell biology. We consider papers reporting new cellular or molecular advances in any areas of basic cell biology as well as papers that describe applied cell biology in a variety of systems including, but not limited to, immunology, neurobiology, metabolism, virology, developmental biology, and plant biology."
91,Journal of Cerebral Blood Flow and Metabolism,"19,450",6.045,0.028,J CEREBR BLOOD FLOW METABOL,J CEREBR BLOOD F MET,0271-678X,1559-7016,Neuroscience & Behavior,1981-present,https://en.wikipedia.org/wiki/Journal_of_Cerebral_Blood_Flow_%26_Metabolism,https://journals.sagepub.com/home/jcb,"The Journal of Cerebral Blood Flow & Metabolism is a monthly peer-reviewed medical journal the official journal of the International Society for Cerebral Blood Flow & Metabolism and publishes peer-reviewed research and review papers covering research on experimental, theoretical, and clinical aspects of brain circulation, metabolism and imaging. The editors-in-chief are Martin Lauritzen (University of Copenhagen) and I. Mhairi Macrae (Glasgow University). The journal is relevant to any physician or scientist with an interest in brain function, cerebrovascular disease, cerebral vascular regulation and brain metabolism, including neurologists, neurochemists, physiologists, pharmacologists, anesthesiologists, neuroradiologists, neurosurgeons, neuropathologists and neuroscientists."
100,Journal of Molecular Cell Biology,"1,877",5.595,0.006,J MOL CELL BIOL,J MOL CELL BIOL,1674-2788,1759-4685,Molecular Biology & Genetics,2010-present,null,http://www.jmcb.info/,"The Journal of Molecular Cell Biology (JMCB) is an international peer-reviewed journal, which is interested in inter-disciplinary studies at the cross-sections between molecular and cell biology as well as other disciplines of life sciences such as stem cell research, signaling transduction, genetics, epigenetics, genomics, developmental biology, immunology, cancer biology, molecular pathogenesis, neuroscience, and systems biology. The broad scope of JMCB reflects the current merging trend of life science disciplines and contributes to the dissemination of findings with unusual significance and broad scientific interest."
69,Journal of Neurology Neurosurgery and Psychiatry,"29,695",7.144,0.033,J NEUROL NEUROSURG PSYCHIAT,J NEUROL NEUROSUR PS,0022-3050,1468-330X,Clinical Medicine,1920-present,"https://en.wikipedia.org/wiki/Journal_of_Neurology,_Neurosurgery,_and_Psychiatry",https://jnnp.bmj.com/,"The Journal of Neurology, Neurosurgery, and Psychiatry is a monthly peer-reviewed medical journal published by the BMJ Group. It covers research and reviews in the fields of neurology, neurosurgery, and psychiatry. Its editor-in-chief is Matthew Kiernan. Encompassing the entire genre of neurological sciences, our focus is on the common disorders (stroke, multiple sclerosis, Parkinson's disease, epilepsy, peripheral neuropathy, subarachnoid haemorrhage and neuropsychiatry), but with a keen interest in the Gordian knots that present themselves in the field, such as ALS."
92,Journal of Neuroscience,"176,159",5.971,0.266,J NEUROSCI,J NEUROSCI,0270-6474,null,Neuroscience & Behavior,1981-present,https://en.wikipedia.org/wiki/The_Journal_of_Neuroscience,http://www.jneurosci.org/,"The Journal of Neuroscience is a weekly peer-reviewed scientific journal published by the Society for Neuroscience. It covers empirical research on all aspects of neuroscience. Its editor-in-chief is Marina Picciotto. Articles appear within one of the following five sections of the journal: Cellular/Molecular, Development/Plasticity/Repair, Systems/Circuits, Behavioral/Cognitive, and Neurobiology of Disease. To support its mission, JNeurosci is committed to the following values: scientific excellence and vigor; representation of the breadth of the neuroscience field; diversity; prompt and effective dissemination of peer-reviewed science; fair, constructive experience in peer-review; and working to understand the publishing needs of the field."
30,Journal of Pineal Research,"9,079",11.613,0.009,J PINEAL RES,J PINEAL RES,0742-3098,1600-079X,Biology & Biochemistry,1984-present,https://en.wikipedia.org/wiki/Journal_of_Pineal_Research,https://onlinelibrary.wiley.com/journal/1600079x,"Journal of Pineal Research is a peer-reviewed scientific journal covering research on the pineal gland and its hormonal products, chiefly melatonin, in all vertebrate species. It is published by John Wiley & Sons and the editor-in-chief is Russel J. Reiter. The journal also fully considers the biological functions and activities of melatonin in non-vertebrate species, plants and microorganisms.  Essential criteria for publication are scientific importance, novelty, and timeliness, as well as clarity of presentation. It is the expressed aim of the journal to serve pineal gland and melatonin researchers in all disciplines."
7,Lancet Neurology,"28,678",27.144,0.069,LANCET NEUROL,LANCET NEUROL,1474-4422,1474-4465,Neuroscience & Behavior,2002-present,null,https://www.thelancet.com/laneur/about,"The Lancet Neurology was launched in May, 2002, and is a lively monthly journal of original research, review, opinion, and news covering international issues relevant to neurologists worldwide. The Lancet Neurology provides an authoritative and independent forum for the highest quality clinical neurology research, reviews, and news in all areas of global clinical neurology with a particular focus in the research and treatment of stroke, MS, movement disorders, epilepsy, headache, and dementia. The Lancet Neurology publishes interesting and informative reviews on any topic connected with neurology, and considers any original research contribution that advocates change in, or illuminates, neurological clinical practice. "
59,Matrix Biology,"4,803",8.136,0.008,MATRIX BIOLOGY,MATRIX BIOL,0945-053X,1569-1802,Biology & Biochemistry,1981-present,https://en.wikipedia.org/wiki/Matrix_Biology_(journal),https://www.journals.elsevier.com/matrix-biology/,"Matrix Biology is a peer-reviewed scientific journal in the field of matrix biology. The journal is published 8 times per year by Elsevier. The journal was established in 1981 as Collagen and Related Research and renamed to Matrix: Collagen and Related Research in 1988, before obtaining its current name in 1994. We welcome articles that reside at the nexus of understanding the cellular and molecular pathophysiology of the extracellular matrix. Matrix Biology focusses on solving elusive questions, opening new avenues of thought and discovery, and challenging longstanding biological paradigms."
93,Molecular Autism,"1,679",5.872,0.006,MOL AUTISM,MOL AUTISM,2040-2392,2040-2392,Molecular Biology & Genetics,2010-present,https://en.wikipedia.org/wiki/Molecular_Autism,https://molecularautism.biomedcentral.com/,"Molecular Autism is a peer-reviewed open-access medical journal covering research on the cause, biology, and treatment of autism and related neurodevelopmental disorders. The editors-in-chief are Simon Baron-Cohen (University of Cambridge) and Joseph Buxbaum (Mount Sinai School of Medicine). The journal was established in 2010 and is published by BioMed Central. We encourage submissions from a range of fields including (but not restricted to) genetics, molecular neurobiology, neuropathology, neuroimaging, cognitive neuroscience, epidemiology, and biomarker discovery. Molecular Autism also publishes articles on screening, diagnosis and classification, including articles that consider subgrouping to refine our understanding of basic mechanisms."
22,Molecular Cell,"61,604",14.248,0.181,MOL CELL,MOL CELL,1097-2765,1097-4164,Molecular Biology & Genetics,1997-present,https://en.wikipedia.org/wiki/Molecular_Cell,https://www.cell.com/molecular-cell/home,"Molecular Cell is a peer-reviewed scientific journal that covers research on cell biology at the molecular level, with an emphasis on new mechanistic insights. It was established in 1997 and is published two times per month. Molecular Cell aims to publish the best research in molecular biology. The journal covers core cellular processes, including DNA replication, recombination, and repair; chromatin biology and genome organization; transcription; RNA processing and decay; non-coding RNA function; translation; protein folding, modification, and quality control; signal transduction pathways; cell cycle and checkpoints; cell death; autophagy; and metabolism."
77,Molecular Neurodegeneration,"3,489",6.426,0.01,MOL NEURODEGENER,MOL NEURODEGENER,1750-1326,null,Neuroscience & Behavior,2006-present,https://en.wikipedia.org/wiki/Molecular_Neurodegeneration,https://molecularneurodegeneration.biomedcentral.com/,"Molecular Neurodegeneration is a peer-reviewed scientific journal covering research on the molecular mechanisms underlying neurodegeneration, especially as pertaining to neurodegenerative diseases. The journal was established in 2006 and is published by BioMed Central. The editors-in-chief are Guojun Bu and Huaxi Xu. All articles published by Molecular Neurodegeneration are made freely and permanently accessible online immediately upon publication, without subscription charges or registration barriers."
29,Molecular Psychiatry,"18,460",11.64,0.047,MOL PSYCHIATR,MOL PSYCHIATR,1359-4184,1476-5578,Neuroscience & Behavior,1997-present,https://en.wikipedia.org/wiki/Molecular_Psychiatry,https://www.nature.com/mp/,"Molecular Psychiatry is a peer-reviewed scientific journal published by Nature Publishing Group. It covers research in biological psychiatry. Molecular Psychiatry publishes work aimed at elucidating biological mechanisms underlying psychiatric disorders and their treatment. The emphasis is on studies at the interface of pre-clinical and clinical research, including studies at the cellular, molecular, integrative, clinical, imaging and psychopharmacology levels."
56,Movement Disorders,"26,512",8.324,0.038,MOVEMENT DISORD,MOVEMENT DISORD,0885-3185,1531-8257,Neuroscience & Behavior,1986-present,https://en.wikipedia.org/wiki/Movement_Disorders_(journal),https://onlinelibrary.wiley.com/journal/15318257,"Movement Disorders is a peer-reviewed medical journal, first published in 1986. The journal focuses on original research relating to clinical neurology topics. Appropriate topics include the etiology, diagnosis, management, and basic science of Parkinsonism, chorea, tremors, dystonia, myoclonus, tics, tardive, dyskinesia, spasticity, and ataxia."
44,National Science Review,952,9.408,0.004,NATL SCI REV,NATL SCI REV,2095-5138,2053-714X,Multidisciplinary,2014-present,null,https://academic.oup.com/nsr,"National Science Review is a peer-reviewed journal aimed at reviewing cutting-edge developments across science and technology in China and around the world. The journal covers all areas of the natural sciences, including physics and mathematics, chemistry, life sciences, earth sciences, materials sciences, and information sciences."
1,Nature,"710,767",41.577,1.355,NATURE,NATURE,0028-0836,1476-4687,Multidisciplinary,1869-present,https://en.wikipedia.org/wiki/Nature_(journal),https://www.nature.com/,"Nature is a British multidisciplinary scientific journal, first published on 4 November 1869. It was ranked the world's most cited scientific journal by the Science Edition of the 2010 Journal Citation Reports and is ascribed an impact factor of 40.137, making it one of the world's top academic journals. Nature's mission statement is: first, to serve scientists through prompt publication of significant advances in any branch of science, and to provide a forum for the reporting and discussion of news and issues concerning science; second, to ensure that the results of science are rapidly disseminated to the public throughout the world, in a fashion that conveys their significance for knowledge, culture and daily life."
13,Nature Cell Biology,"39,896",19.064,0.093,NAT CELL BIOL,NAT CELL BIOL,1465-7392,1476-4679,Molecular Biology & Genetics,1999-present,https://en.wikipedia.org/wiki/Nature_Cell_Biology,https://www.nature.com/ncb/,"Nature Cell Biology is a peer-reviewed scientific journal covering research in cell biology published by the Nature Publishing Group. It was established in 1999 and the current editor-in-chief is Alexia-Ileana Zaromytidou. Nature Cell Biology publishes papers of the highest quality from all areas of cell biology, encouraging those that shed light on the mechanisms underlying fundamental cell biological processes. The journal's scope is broad and specific areas of interest include, but are not limited to autophagy, cancer biology, cell adhesion and migration, cell cycle and growth, cell death, chromatin and epigenetics, cytoskeletal dynamics, developmental biology, DNA replication and repair, mechanisms of human disease, mechanobiology, membrane traffic and dynamics, metabolism, nuclear organization and dynamics, organelle biology, proteolysis and quality control, RNA biology, signal transduction, and stem cell biology."
27,Nature Communications,"178,348",12.353,0.926,NAT COMMUN,NAT COMMUN,2041-1723,null,Multidisciplinary,2010-present,https://en.wikipedia.org/wiki/Nature_Communications,https://www.nature.com/ncomms/,"Nature Communications is a peer-reviewed open access scientific journal published by the Nature Publishing Group since 2010. It covers the natural sciences, including physics, chemistry, Earth sciences, and biology. The founding editor-in-chief was Lesley Anson. Papers published by the journal represent important advances of significance to specialists within each field."
5,Nature Medicine,"75,461",32.621,0.172,NATURE MED,NAT MED,1078-8956,1546-170X,Molecular Biology & Genetics,1995-present,https://en.wikipedia.org/wiki/Nature_Medicine,https://www.nature.com/nm/,"Nature Medicine is a monthly peer-reviewed medical journal publishing research articles, reviews, news and commentaries in the biomedical area, including both basic research and early-phase clinical research covering all aspects of medicine. Nature Medicine publishes research that addresses the needs and goals of contemporary medicine. Original research ranges from new concepts in human biology and disease pathogenesis to robust preclinical bases for new therapeutic modalities and drug development to all phases of clinical work, as well as innovative technologies aimed at improving human health. Current areas of interest also include, but are not limited to gene and cell therapies, clinical genomics, regenerative medicine, high-definition medicine, effects of the environment in human health, artificial intelligence in health care, smart wearable devices, early disease diagnosis, microbiome, and aging."
11,Nature Neuroscience,"59,426",19.912,0.154,NAT NEUROSCI,NAT NEUROSCI,1097-6256,1546-1726,Neuroscience & Behavior,1998-present,https://en.wikipedia.org/wiki/Nature_Neuroscience,https://www.nature.com/neuro/,"Nature Neuroscience is a monthly scientific journal published by Nature Publishing Group. Its focus is original research papers relating specifically to neuroscience and was established in May 1998. The editors welcome contributions in molecular, cellular, systems and cognitive neuroscience, as well as psychophysics, computational modeling and diseases of the nervous system. No area is excluded from consideration, although priority is given to studies that provide fundamental insights into the functioning of the nervous system."
3,Nature Reviews Molecular Cell Biology,"43,667",35.612,0.095,NAT REV MOL CELL BIOL,NAT REV MOL CELL BIO,1471-0072,1471-0080,Molecular Biology & Genetics,2000-present,https://en.wikipedia.org/wiki/Nature_Reviews_Molecular_Cell_Biology,https://www.nature.com/nrm/,"Nature Reviews Molecular Cell Biology is a peer-reviewed monthly review journal that was established in October 2000 and is published by Nature Publishing Group. The journal publishes Reviews, Perspectives, Comments and Research Highlights relevant to molecular and cell biologists, with our broad scope ensuring that the articles we publish reach the widest possible audience."
12,Nature Reviews Neurology,"8,097",19.819,0.028,NAT REV NEUROL,NAT REV NEUROL,1759-4758,1759-4766,Neuroscience & Behavior,2005-present,https://en.wikipedia.org/wiki/Nature_Reviews_Neurology,https://www.nature.com/nrneurol/,"Nature Reviews Neurology is a peer-reviewed journal for neurologists. The journal was renamed from Nature Clinical Practice Neurology in April 2009. It covers research developments and clinical practice. Coverage includes prevention, diagnosis and treatment of disease or impaired function of the central and peripheral nervous systems, including neurodevelopmental, neurodegenerative, and neuropsychiatric disorders."
4,Nature Reviews Neuroscience,"40,834",32.635,0.07,NAT REV NEUROSCI,NAT REV NEUROSCI,1471-003X,1471-0048,Neuroscience & Behavior,2000-present,https://en.wikipedia.org/wiki/Nature_Reviews_Neuroscience,https://www.nature.com/nrn/,"Nature Reviews Neuroscience is a leading review journal with one of the highest impact factors covering neuroscience, in particular biochemical signalling in neurons, cellular and molecular neuroscience, neural development, sensory-motor systems and behaviour, regulatory systems, higher cognition and language, computational neuroscience, systems neuroscience, neuroimaging, brain damage, and neurodegenerative disease."
24,Nature Structural & Molecular Biology,"27,547",13.333,0.082,NAT STRUCT MOL BIOL,NAT STRUCT MOL BIOL,1545-9993,1545-9985,Biology & Biochemistry,1994-present,https://en.wikipedia.org/wiki/Nature_Structural_%26_Molecular_Biology,https://www.nature.com/nsmb/,"Nature Structural & Molecular Biology is a monthly peer-reviewed scientific journal publishing research articles, reviews, news, and commentaries in structural and molecular biology, with an emphasis on papers that further a functional and mechanistic understanding of how molecular components in a biological process work together. It is published by the Nature Publishing Group and was established in 1994 under the title Nature Structural Biology, obtaining its current title in January 2004."
67,Neural Networks,"10,086",7.197,0.015,NEURAL NETWORKS,NEURAL NETWORKS,0893-6080,1879-2782,Computer Science,1988-present,https://en.wikipedia.org/wiki/Neural_Networks_(journal),https://www.journals.elsevier.com/neural-networks,"Neural Networks is a monthly peer-reviewed scientific journal and an official journal of the International Neural Network Society, European Neural Network Society, and Japanese Neural Network Society. It was established in 1988 and is published by Elsevier. The journal covers all aspects of research on artificial neural networks. Neural Networks welcomes high quality submissions that contribute to the full range of neural networks research, from behavioral and brain modeling, learning algorithms, through mathematical and computational analyses, to engineering and technological applications of systems that significantly use neural network concepts and techniques."
60,Neurology,"88,499",8.055,0.115,NEUROLOGY,NEUROLOGY,0028-3878,1526-632X,Neuroscience & Behavior,1951-present,https://en.wikipedia.org/wiki/Neurology_(journal),http://www.neurology.org/,"Neurology is a peer-reviewed medical journal published by Lippincott Williams & Wilkins on behalf of the American Academy of Neurology, of which it is the official journal. As the leading clinical neurology journal worldwide, Neurology is directed to physicians concerned with diseases and conditions of the nervous system. The journal's purpose is to advance the field by presenting new basic and clinical research with emphasis on knowledge that will influence the way neurology is practiced. The journal is at the forefront in disseminating cutting-edge, peer-reviewed information to the neurology community worldwide."
21,Neuron,"89,413",14.319,0.217,NEURON,NEURON,0896-6273,1097-4199,Neuroscience & Behavior,1988-present,https://en.wikipedia.org/wiki/Neuron_(journal),https://www.cell.com/neuron/home,"Neuron is a biweekly peer-reviewed scientific journal published by Cell Press, and imprint of Elsevier. It was established in 1988, and covers neuroscience and related biological processes. The Editor in Chief is Katja Brose. Neuron has established itself as one of the most influential and relied upon journals in the field of neuroscience. The editors embrace interdisciplinary strategies that integrate biophysical, cellular, developmental, and molecular approaches with a systems approach to sensory, motor, and higher-order cognitive functions."
45,Neuro-Oncology,"10,930",9.384,0.03,NEURO-ONCOLOGY,NEURO-ONCOLOGY,1522-8517,1523-5866,Neuroscience & Behavior,1999-present,https://en.wikipedia.org/wiki/Neuro-Oncology,https://academic.oup.com/neuro-oncology,"Neuro-Oncology is a monthly peer-reviewed medical journal covering cancer of the nervous system. It was established in 1999 and is published by Oxford University Press on behalf of the Society for Neuro-Oncology. The editor-in-chief is Kenneth Aldape. Dedicated to providing superior and rapid publication of information in all areas of neuro-oncology, the journal contains peer-reviewed articles and reviews, symposia on selected topics, published abstracts of annual meetings, and society news and announcements from around the world."
90,Neuropathology and Applied Neurobiology,"3,655",6.059,0.006,NEUROPATHOL APPL NEUROBIOL,NEUROPATH APPL NEURO,0305-1846,1365-2990,Neuroscience & Behavior,1974-present,https://en.wikipedia.org/wiki/Neuropathology_and_Applied_Neurobiology,https://onlinelibrary.wiley.com/journal/13652990,"Neuropathology and Applied Neurobiology is a peer-reviewed medical journal in the field of neuropathology. It is published by Wiley-Blackwell for the British Neuropathological Society. The journal was established in 1974 and is published bimonthly. Its scope includes the publication of original papers and short reports on clinical and experimental neuropathology. It also includes book reviews. It welcomes contributions with a tissue-based focus on all relevant aspects of neurological disease, from experimental neurobiology to pathological diagnosis, regardless of methodology. Multidisciplinary papers are particularly welcomed."
74,Neuropsychopharmacology,"24,537",6.544,0.043,NEUROPSYCHOPHARMACOLOGY,NEUROPSYCHOPHARMACOL,0893-133X,1740-634X,Neuroscience & Behavior,1987-present,https://en.wikipedia.org/wiki/Neuropsychopharmacology_(journal),https://www.nature.com/npp/,"Neuropsychopharmacology is a peer-reviewed scientific journal published by the Nature Publishing Group. It has been the official publication of the American College of Neuropsychopharmacology since 1987. The journal covers topics in neuropsychopharmacology, including clinical and basic science research into the brain and behavior, the properties of agents acting within the central nervous system, and drug targeting and development."
61,Neuroscience and Biobehavioral Reviews,"24,279",8.037,0.048,NEUROSCI BIOBEHAV REV,NEUROSCI BIOBEHAV R,0149-7634,1873-7528,Neuroscience & Behavior,1978-present,https://en.wikipedia.org/wiki/Neuroscience_%26_Biobehavioral_Reviews,https://www.journals.elsevier.com/neuroscience-and-biobehavioral-reviews/,"Neuroscience & Biobehavioral Reviews is a peer-reviewed scientific journal covering behavioral neuroscience published by Elsevier. The journal publishes reviews, theoretical articles, and mini-reviews. It is an official journal of the International Behavioral Neuroscience Society. The journal publishes review articles which are original and significant and deal with all aspects of neuroscience, where the relationship to the study of psychological processes and behavior is clearly established. Conversely, the journal will also publish articles whose primary focus deals with psychological processes and behavior, and which have relevance to one or more aspects of neuroscience."
65,Neuroscientist,"4,738",7.461,0.009,NEUROSCIENTIST,NEUROSCIENTIST,1073-8584,1089-4098,Neuroscience & Behavior,1995-present,https://en.wikipedia.org/wiki/The_Neuroscientist,http://nro.sagepub.com/,"The Neuroscientist is a peer-reviewed academic journal that publishes papers in the field of Neurology and Neuroscience. The journal's editor is Stephen G Waxman. It has been in publication since 1995 and is currently published by SAGE Publications. The Neuroscientist is aimed at basic neuroscientists, neurologists, neurosurgeons, and psychiatrists in research, academic, and clinical settings, reviewing new and emerging basic and clinical neuroscience research. The journal evaluates key trends in molecular, cellular, developmental, behavioral systems, and cognitive neuroscience in a disease-relevant format."
97,Neurotherapeutics,"3,973",5.719,0.009,NEUROTHERAPEUTICS,NEUROTHERAPEUTICS,1933-7213,1878-7479,Neuroscience & Behavior,2004-present,https://en.wikipedia.org/wiki/Neurotherapeutics,https://www.springer.com/biomed/neuroscience/journal/13311,"Neurotherapeutics is a quarterly peer-reviewed medical journal covering research on experimental treatments of neurological disorders. It was established in 2004 and is published by Springer Science+Business Media on behalf of the American Society for Experimental NeuroTherapeutics. The Journal also publishes original research articles in translational neuroscience including descriptions of cutting edge therapies that cross disciplinary lines and represent important contributions to neurotherapeutics for medical practitioners and other researchers in the field. Neurotherapeutics delivers a multidisciplinary perspective on the frontiers of translational neuroscience, provides perspectives on current research and practice, and covers social and ethical as well as scientific issues."
71,Oncogene,"66,411",6.854,0.076,ONCOGENE,ONCOGENE,0950-9232,1476-5594,Molecular Biology & Genetics,1987-present,https://en.wikipedia.org/wiki/Oncogene_(journal),https://www.nature.com/onc/,"Oncogene is a peer-reviewed scientific journal published by the Nature Publishing Group addressing cancer cell genetics and the structure and function of oncogenes. Oncogene aims to make substantial advances in our knowledge of processes that contribute to cancer by publishing outstanding research. We propagate work that builds on previous studies, in particular those that lead to establishing new paradigms in the etio-pathogenesis, diagnosis, treatment, or prevention of cancers, and in processes that drive metastatic spread, and provide important insights into cancer biology beyond what has been revealed thus far. Areas covered by Oncogene include, but are not limited to, the cellular and molecular biology of cancer including resistance to cancer therapies, and development of better approaches to improving survival."
89,Pigment Cell & Melanoma Research,"4,430",6.115,0.008,PIGM CELL MELANOMA R,PIGM CELL MELANOMA R,1755-1471,1755-148X,Molecular Biology & Genetics,2008-present,https://en.wikipedia.org/wiki/Pigment_Cell_%26_Melanoma_Research,https://onlinelibrary.wiley.com/journal/1755148x,"Pigment Cell & Melanoma Research is a peer-reviewed scientific journal of dermatology. It is the official journal of the International Federation of Pigment Cell Societies and the Society for Melanoma Research. Pigment Cell & Melanoma Researchpublishes manuscripts on all aspects of pigment cells including development, cell and molecular biology, genetics, diseases of pigment cells including melanoma. Papers that provide insights into the causes and progression of melanoma including the process of metastasis and invasion, proliferation, senescence, apoptosis or gene regulation are especially welcome, as are papers that use the melanocyte system to answer questions of general biological relevance. Papers that are purely descriptive or make only minor advances to our knowledge of pigment cells or melanoma in particular are not suitable for this journal."
58,Plant Cell,"48,393",8.228,0.064,PLANT CELL,PLANT CELL,1040-4651,1532-298X,Plant & Animal Science,1989-present,https://en.wikipedia.org/wiki/The_Plant_Cell,http://www.plantcell.org/,"The Plant Cell is a monthly peer-reviewed scientific journal of botany, especially the areas of cell and molecular biology, genetics, development, and evolution. It is published by the American Society of Plant Biologists. The current editor-in-chief is Sabeeha Merchant. The Plant Cell publishes novel research of special significance in plant biology, especially in the areas of cellular biology, molecular biology, biochemistry, genetics, development, and evolution. The primary criteria for publication are that the article provides new insight that is of broad interest to plant biologists, not only to specialists, and that the presentation of results is appropriate for a wide audience of plant biologists."
42,Proceedings of the National Academy of Sciences of The United States of America,"637,269",9.504,1.108,PROC NAT ACAD SCI USA,P NATL ACAD SCI USA,0027-8424,null,Multidisciplinary,1915-present,https://en.wikipedia.org/wiki/Proceedings_of_the_National_Academy_of_Sciences_of_the_United_States_of_America,http://www.pnas.org/,"Proceedings of the National Academy of Sciences of the United States of America is the official scientific journal of the National Academy of Sciences, published since 1915. With broad coverage, spanning the biological, physical, and social sciences, the journal publishes original research alongside scientific reviews, commentaries, and letters. Nearly half of all accepted papers come from authors outside the United States."
23,Progress in Neurobiology,"13,065",14.163,0.016,PROG NEUROBIOL,PROG NEUROBIOL,0301-0082,1873-5118,Neuroscience & Behavior,1973-present,https://en.wikipedia.org/wiki/Progress_in_Neurobiology,https://www.journals.elsevier.com/progress-in-neurobiology/,"Progress in Neurobiology is a monthly peer-reviewed scientific journal covering all aspects of neuroscience, with an emphasis on multidisciplinary approaches. It was established in 1973 and is published by Elsevier. The editor-in-chief is Sabine Kastner. The journal welcomes contributions from the broad field of neuroscience that apply neurophysiological, biochemical, pharmacological, molecular biological, anatomical, computational and behavioral analyses to problems of molecular, cellular, developmental, systems, and clinical neuroscience."
84,Protein & Cell,"2,363",6.228,0.008,PROTEIN CELL,PROTEIN CELL,1674-800X,1674-8018,Biology & Biochemistry,2010-present,https://en.wikipedia.org/wiki/Protein_%26_Cell,https://www.springer.com/life+sciences/biochemistry+%26+biophysics/journal/13238,"Protein & Cell is a monthly peer-reviewed open access journal covering protein and cell biology. It was established in 2010 and is published by Springer Science+Business Media. The editor-in-chief is Zihe Rao. Subject areas include, but are not limited to, biochemistry/biophysics, cell biology, developmental biology, genetics, immunology, microbiology, molecular biology, neuroscience, oncology, protein science, structural biology and translational medicine."
2,Science,"645,134",41.058,1.126,SCIENCE,SCIENCE,0036-8075,1095-9203,Multidisciplinary,,,,
31,Science Advances,"10,194",11.511,0.057,SCI ADV,SCI ADV,2375-2548,2375-2548,Multidisciplinary,,,,
80,Science Signaling,"10,316",6.378,0.037,SCI SIGNAL,SCI SIGNAL,1945-0877,1937-9145,Molecular Biology & Genetics,,,,
15,Science Translational Medicine,"26,692",16.71,0.126,SCI TRANSL MED,SCI TRANSL MED,1946-6234,1946-6242,Biology & Biochemistry,,,,
86,Seminars in Cell & Developmental Biology,"9,024",6.138,0.024,SEMIN CELL DEV BIOL,SEMIN CELL DEV BIOL,1084-9521,null,Molecular Biology & Genetics,,,,
37,Sleep Medicine Reviews,"6,080",10.602,0.011,SLEEP MED REV,SLEEP MED REV,1087-0792,1532-2955,Neuroscience & Behavior,,,,
76,Stem Cell Reports,"4,525",6.537,0.026,STEM CELL REP,STEM CELL REP,2213-6711,2213-6711,Molecular Biology & Genetics,,,,
83,Stroke,"65,854",6.239,0.088,STROKE,STROKE,0039-2499,1524-4628,Neuroscience & Behavior,,,,
93,Translational Neurodegeneration,589,5.872,0.002,TRANSL NEURODEGENER,TRANSL NEURODEGENER,2047-9158,2047-9158,Neuroscience & Behavior,,,,
57,Translational Stroke Research,"2,202",8.266,0.005,TRANSL STROKE RES,TRANSL STROKE RES,1868-4483,1868-601X,Neuroscience & Behavior,,,,
14,Trends in Cell Biology,"13,708",18.564,0.038,TR CELL BIOL,TRENDS CELL BIOL,0962-8924,1879-3088,Molecular Biology & Genetics,,,,
17,Trends in Cognitive Sciences,"25,391",15.557,0.041,TRENDS COGN SCI,TRENDS COGN SCI,1364-6613,1879-307X,Psychiatry/Psychology,,,,
35,Trends in Molecular Medicine,"9,213",11.021,0.02,TRENDS MOL MED,TRENDS MOL MED,1471-4914,1471-499X,Molecular Biology & Genetics,,,,
33,Trends in Neurosciences,"20,061",11.439,0.027,TRENDS NEUROSCI,TRENDS NEUROSCI,0166-2236,1878-108X,Neuroscience & Behavior,,,,
96,Wiley Interdisciplinary Reviews-RNA,"2,142",5.844,0.009,WILEY INTERDISCIP REV-RNA,WIRES RNA,1757-7004,1757-7012,Molecular Biology & Genetics,,,,
Copyright Â© 2018 Clarivate Analytics,,,,,,,,,,,,,
"By exporting the selected data, you agree to the data usage policy set forth in the Terms of Use",,,,,,,,,,,,,
